versao,tempo
Sequencial,105.31328730000041
CPU-2,59.31574389999969
CPU-4,31.51343629999974
CPU-8,19.391061000000263
CPU-16,14.518863199999942
"GPU-(8, 8)",0.2037162000005992
"GPU-(16, 16)",0.07962020000013581
"GPU-(32, 32)",0.08144650000031106
