n_threads,tempo
2,59.31574389999969
4,31.51343629999974
8,19.391061000000263
16,14.518863199999942
