threads_per_block,tempo
"(8, 8)",0.2037162000005992
"(16, 16)",0.07962020000013581
"(32, 32)",0.08144650000031106
