versao,tempo
Sequencial,105.18768400000044
CPU-2,64.38812159999907
CPU-4,35.265636000000086
CPU-8,21.40285219999896
CPU-16,16.598073600000134
"GPU-(8, 8)",0.4021811999991769
"GPU-(16, 16)",0.09625149999919813
"GPU-(32, 32)",0.0890930000005028
