n_threads,tempo
2,64.38812159999907
4,35.265636000000086
8,21.40285219999896
16,16.598073600000134
