threads_per_block,tempo
"(8, 8)",0.4021811999991769
"(16, 16)",0.09625149999919813
"(32, 32)",0.0890930000005028
